<?xml version="1.0" encoding="UTF-8"?>
<beans xmlns="http://www.springframework.org/schema/beans"
       xmlns:xsi="http://www.w3.org/2001/XMLSchema-instance"
       xmlns:p="http://www.springframework.org/schema/p"
       xsi:schemaLocation="http://www.springframework.org/schema/beans
       http://www.springframework.org/schema/beans/spring-beans.xsd">

    <bean id="datasource" class="org.springframework.jdbc.datasource.DriverManagerDataSource">
        <property name="driverClassName" value="com.mysql.jdbc.Driver"/>
        <property name="url" value="jdbc:mysql://localhost:3306/test"/>
        <property name="username" value="root"/>
        <property name="password" value="root"/>
    </bean>

    <bean id="jdbcTemplate" class="org.springframework.jdbc.core.JdbcTemplate">
        <property name="dataSource" ref="datasource"/>
    </bean>

    <!-- redis连接池的配置 -->
    <bean id="jedisPoolConfig" class="redis.clients.jedis.JedisPoolConfig">
        <!-- 最大连接数,默认8 -->
        <property name="maxTotal" value="600"/>
        <!-- 允许最大空闲的连接数 -->
        <property name="maxIdle" value="20"/>
        <!-- 最少空闲的连接数 -->
        <property name="minIdle" value="5"/>
        <!-- 当资源池连接用尽后，调用者的最大等待时间(单位为毫秒)，blockWhenExhausted（默认为true）为true时，有效 -->
        <property name="maxWaitMillis" value="10000"/>
        <!-- 向资源池借用连接时是否做连接有效性检测(ping)，无效连接会被移除 -->
        <property name="testOnBorrow" value="true"/>
        <property name="timeBetweenEvictionRunsMillis" value="60000"/>
    </bean>

    <!-- redis的连接池pool，不是必选项：timeout/password  -->
    <bean id="jedisPool" class="redis.clients.jedis.JedisPool">
        <constructor-arg index="0" ref="jedisPoolConfig"/>
        <constructor-arg index="1" value="127.0.0.1"/>
        <constructor-arg index="2" value="6379" type="int"/>
        <constructor-arg index="3" value="3000" type="int"/>
        <constructor-arg index="4" value="123456"/>
    </bean>

    <!-- ReidsUtil 的构造函数参数 -->
    <bean id="redisUtil" class="com.lw.sp.RedisUtil">
        <constructor-arg index="0" ref="jedisPool"/>
        <constructor-arg index="1" value="fst"/>
        <constructor-arg index="2" value="0"/>
    </bean>

</beans>